{
    "settings": {
        "beam size": 5,
        "min significance": 10,
        "nb pages": 25,
        "all pdf names": [
            "BS10_0",
            "BS10_1",
            "BS10_2",
            "BS10_3",
            "BS10_4",
            "BS10_5",
            "BS10_6",
            "BS10_7",
            "BS10_8",
            "BS10_9",
            "BS10_10",
            "BS10_11",
            "BS10_12",
            "BS10_13",
            "BS10_14",
            "BS10_15",
            "BS10_16",
            "BS10_17",
            "BS10_18",
            "BS10_19",
            "BS10_20",
            "BS10_21",
            "BS10_22",
            "BS10_23",
            "BS10_24"
        ],
        "nb pages filtered": 15,
        "all filtered names": [
            "BS10_0",
            "BS10_1",
            "BS10_2",
            "BS10_3",
            "BS10_4",
            "BS10_6",
            "BS10_7",
            "BS10_9",
            "BS10_10",
            "BS10_11",
            "BS10_12",
            "BS10_15",
            "BS10_22",
            "BS10_23",
            "BS10_24"
        ]
    },
    "data": {
        "1": {
            "TP": 0,
            "FP": 18,
            "FN": 18,
            "F1": 0.0,
            "time": 0.012000322341918945,
            "selected slide": "BS10_0",
            "selected slides:": [
                "BS10_0"
            ],
            "selected heuristic value": [
                0.0,
                0.0,
                0.0
            ],
            "rules": [],
            "filtered rules": []
        },
        "2": {
            "TP": 0,
            "FP": 18,
            "FN": 18,
            "F1": 0.0,
            "time": 0.02513408660888672,
            "selected slide": "BS10_1",
            "selected slides:": [
                "BS10_0",
                "BS10_1"
            ],
            "selected heuristic value": [
                0.0,
                0.0,
                0.0
            ],
            "rules": [],
            "filtered rules": []
        },
        "3": {
            "TP": 0,
            "FP": 18,
            "FN": 18,
            "F1": 0.0,
            "time": 0.07809758186340332,
            "selected slide": "BS10_2",
            "selected slides:": [
                "BS10_0",
                "BS10_1",
                "BS10_2"
            ],
            "selected heuristic value": [
                0.0,
                0.0,
                0.0
            ],
            "rules": [],
            "filtered rules": []
        },
        "4": {
            "TP": 0,
            "FP": 18,
            "FN": 18,
            "F1": 0.0,
            "time": 0.1762373447418213,
            "selected slide": "BS10_3",
            "selected slides:": [
                "BS10_0",
                "BS10_1",
                "BS10_2",
                "BS10_3"
            ],
            "selected heuristic value": [
                0.0,
                0.0,
                0.0
            ],
            "rules": [],
            "filtered rules": []
        },
        "5": {
            "TP": 12,
            "FP": 6,
            "FN": 6,
            "F1": 0.8,
            "time": 0.4633171558380127,
            "selected slide": "BS10_4",
            "selected slides:": [
                "BS10_0",
                "BS10_1",
                "BS10_2",
                "BS10_3",
                "BS10_4"
            ],
            "selected heuristic value": [
                0.0,
                0.0,
                0.0
            ],
            "rules": [
                [
                    "DirectlyFollows('P0', 'P1') <-- ClosestYDimAfterAndInBulletPoint('P1', 'P0') \u2227 InBulletPoint('P0',)",
                    10.193820026016112
                ]
            ],
            "filtered rules": [
                [
                    "DirectlyFollows('P0', 'P1') <-- ClosestYDimAfterAndInBulletPoint('P1', 'P0') \u2227 InBulletPoint('P0',)",
                    10.193820026016112
                ]
            ]
        },
        "6": {
            "TP": 12,
            "FP": 6,
            "FN": 6,
            "F1": 0.8,
            "time": 0.7489776611328125,
            "selected slide": "BS10_9",
            "selected slides:": [
                "BS10_0",
                "BS10_1",
                "BS10_2",
                "BS10_3",
                "BS10_4",
                "BS10_9"
            ],
            "selected heuristic value": [
                0.0,
                0.0,
                0.0
            ],
            "rules": [
                [
                    "DirectlyFollows('P0', 'P1') <-- ClosestYDimAfterAndInBulletPoint('P1', 'P0') \u2227 InBulletPoint('P0',)",
                    10.285978558471397
                ]
            ],
            "filtered rules": [
                [
                    "DirectlyFollows('P0', 'P1') <-- ClosestYDimAfterAndInBulletPoint('P1', 'P0') \u2227 InBulletPoint('P0',)",
                    10.285978558471397
                ]
            ]
        },
        "7": {
            "TP": 12,
            "FP": 6,
            "FN": 6,
            "F1": 0.8,
            "time": 1.0347614288330078,
            "selected slide": "BS10_10",
            "selected slides:": [
                "BS10_0",
                "BS10_1",
                "BS10_2",
                "BS10_3",
                "BS10_4",
                "BS10_9",
                "BS10_10"
            ],
            "selected heuristic value": [
                0.0,
                0.0,
                0.0
            ],
            "rules": [
                [
                    "DirectlyFollows('P0', 'P1') <-- ClosestYDimAfterAndInBulletPoint('P1', 'P0') \u2227 InBulletPoint('P0',)",
                    10.325914464922434
                ]
            ],
            "filtered rules": [
                [
                    "DirectlyFollows('P0', 'P1') <-- ClosestYDimAfterAndInBulletPoint('P1', 'P0') \u2227 InBulletPoint('P0',)",
                    10.325914464922434
                ]
            ]
        },
        "8": {
            "TP": 12,
            "FP": 6,
            "FN": 6,
            "F1": 0.8,
            "time": 1.3293280601501465,
            "selected slide": "BS10_12",
            "selected slides:": [
                "BS10_0",
                "BS10_1",
                "BS10_2",
                "BS10_3",
                "BS10_4",
                "BS10_9",
                "BS10_10",
                "BS10_12"
            ],
            "selected heuristic value": [
                0.0,
                0.0,
                0.0
            ],
            "rules": [
                [
                    "DirectlyFollows('P0', 'P1') <-- ClosestYDimAfterAndInBulletPoint('P1', 'P0') \u2227 InBulletPoint('P0',)",
                    10.413593398189079
                ]
            ],
            "filtered rules": [
                [
                    "DirectlyFollows('P0', 'P1') <-- ClosestYDimAfterAndInBulletPoint('P1', 'P0') \u2227 InBulletPoint('P0',)",
                    10.413593398189079
                ]
            ]
        },
        "9": {
            "TP": 6,
            "FP": 12,
            "FN": 12,
            "F1": 0.5,
            "time": 1.7415285110473633,
            "selected slide": "BS10_6",
            "selected slides:": [
                "BS10_0",
                "BS10_1",
                "BS10_2",
                "BS10_3",
                "BS10_4",
                "BS10_9",
                "BS10_10",
                "BS10_12",
                "BS10_6"
            ],
            "selected heuristic value": [
                0.0,
                0.0,
                0.0
            ],
            "rules": [
                [
                    "DirectlyFollows('P0', 'P1') <-- ClosestYDimAfterAndInEnumeration('P1', 'P0') \u2227 XDimCovers('P0', 'P2')",
                    12.997791807711248
                ]
            ],