{
    "settings": {
        "beam size": 5,
        "min significance": 10,
        "nb pages": 31,
        "all pdf names": [
            "SS3_3_0",
            "SS3_3_1",
            "SS3_3_2",
            "SS3_3_3",
            "SS3_3_4",
            "SS3_3_5",
            "SS3_3_6",
            "SS3_3_7",
            "SS3_3_8",
            "SS3_3_9",
            "SS3_3_10",
            "SS3_3_11",
            "SS3_3_12",
            "SS3_3_13",
            "SS3_3_14",
            "SS3_3_15",
            "SS3_3_16",
            "SS3_3_17",
            "SS3_3_18",
            "SS3_3_19",
            "SS3_3_20",
            "SS3_3_21",
            "SS3_3_22",
            "SS3_3_23",
            "SS3_3_24",
            "SS3_3_25",
            "SS3_3_26",
            "SS3_3_27",
            "SS3_3_28",
            "SS3_3_29",
            "SS3_3_30"
        ],
        "nb pages filtered": 22,
        "all filtered names": [
            "SS3_3_0",
            "SS3_3_1",
            "SS3_3_3",
            "SS3_3_4",
            "SS3_3_5",
            "SS3_3_6",
            "SS3_3_8",
            "SS3_3_9",
            "SS3_3_10",
            "SS3_3_11",
            "SS3_3_13",
            "SS3_3_14",
            "SS3_3_16",
            "SS3_3_20",
            "SS3_3_21",
            "SS3_3_22",
            "SS3_3_24",
            "SS3_3_25",
            "SS3_3_26",
            "SS3_3_28",
            "SS3_3_29",
            "SS3_3_30"
        ]
    },
    "data": {
        "1": {
            "TP": 0,
            "FP": 31,
            "FN": 31,
            "F1": 0.0,
            "time": 0.025128841400146484,
            "selected slide": "SS3_3_24",
            "selected slides:": [
                "SS3_3_24"
            ],
            "selected heuristic value": [
                0.0,
                -Infinity,
                -24
            ],
            "rules": [],
            "filtered rules": []
        },
        "2": {
            "TP": 0,
            "FP": 31,
            "FN": 31,
            "F1": 0.0,
            "time": 0.06012415885925293,
            "selected slide": "SS3_3_14",
            "selected slides:": [
                "SS3_3_24",
                "SS3_3_14"
            ],
            "selected heuristic value": [
                0.0,
                -Infinity,
                -23
            ],
            "rules": [],
            "filtered rules": []
        },
        "3": {
            "TP": 0,
            "FP": 31,
            "FN": 31,
            "F1": 0.0,
            "time": 0.10512399673461914,
            "selected slide": "SS3_3_0",
            "selected slides:": [
                "SS3_3_24",
                "SS3_3_14",
                "SS3_3_0"
            ],
            "selected heuristic value": [
                0.0,
                -Infinity,
                -22
            ],
            "rules": [],
            "filtered rules": []
        },
        "4": {
            "TP": 0,
            "FP": 31,
            "FN": 31,
            "F1": 0.0,
            "time": 0.1601238250732422,
            "selected slide": "SS3_3_1",
            "selected slides:": [
                "SS3_3_24",
                "SS3_3_14",
                "SS3_3_0",
                "SS3_3_1"
            ],
            "selected heuristic value": [
                0.0,
                -Infinity,
                -22
            ],
            "rules": [],
            "filtered rules": []
        },
        "5": {
            "TP": 0,
            "FP": 31,
            "FN": 31,
            "F1": 0.0,
            "time": 0.22778582572937012,
            "selected slide": "SS3_3_10",
            "selected slides:": [
                "SS3_3_24",
                "SS3_3_14",
                "SS3_3_0",
                "SS3_3_1",
                "SS3_3_10"
            ],
            "selected heuristic value": [
                0.0,
                -Infinity,
                -20
            ],
            "rules": [],
            "filtered rules": []
        },
        "6": {
            "TP": 0,
            "FP": 31,
            "FN": 31,
            "F1": 0.0,
            "time": 4.9355552196502686,
            "selected slide": "SS3_3_16",
            "selected slides:": [
                "SS3_3_24",
                "SS3_3_14",
                "SS3_3_0",
                "SS3_3_1",
                "SS3_3_10",
                "SS3_3_16"
            ],
            "selected heuristic value": [
                0.0,
                -Infinity,
                -18
            ],
            "rules": [],
            "filtered rules": []
        },
        "7": {
            "TP": 0,
            "FP": 31,
            "FN": 31,
            "F1": 0.0,
            "time": 10.359298944473267,
            "selected slide": "SS3_3_21",
            "selected slides:": [
                "SS3_3_24",
                "SS3_3_14",
                "SS3_3_0",
                "SS3_3_1",
                "SS3_3_10",
                "SS3_3_16",
                "SS3_3_21"
            ],
            "selected heuristic value": [
                0.0,
                -Infinity,
                -18
            ],
            "rules": [],
            "filtered rules": []
        },
        "8": {
            "TP": 0,
            "FP": 31,
            "FN": 31,
            "F1": 0.0,
            "time": 16.5002863407135,
            "selected slide": "SS3_3_22",
            "selected slides:": [
                "SS3_3_24",
                "SS3_3_14",
                "SS3_3_0",
                "SS3_3_1",
                "SS3_3_10",
                "SS3_3_16",
                "SS3_3_21",
                "SS3_3_22"
            ],
            "selected heuristic value": [
                0.0,
                -Infinity,
                -18
            ],
            "rules": [],
            "filtered rules": []
        },
        "9": {
            "TP": 0,
            "FP": 31,
            "FN": 31,
            "F1": 0.0,
            "time": 22.95658779144287,
            "selected slide": "SS3_3_5",
            "selected slides:": [
                "SS3_3_24",
                "SS3_3_14",
                "SS3_3_0",
                "SS3_3_1",
                "SS3_3_10",
                "SS3_3_16",
                "SS3_3_21",
                "SS3_3_22",
                "SS3_3_5"
            ],
            "selected heuristic value": [
                0.0,
                -Infinity,
                -17
            ],
            "rules": [],
            "filtered rules": []
        },
        "10": {
            "TP": 4,
            "FP": 27,
            "FN": 27,
            "F1": 0.21621621621621623,
            "time": 40.02080845832825,
            "selected slide": "SS3_3_20",
            "selected slides:": [
                "SS3_3_24",
                "SS3_3_14",
                "SS3_3_0",
                "SS3_3_1",
                "SS3_3_10",
                "SS3_3_16",
                "SS3_3_21",
                "SS3_3_22",
                "SS3_3_5",
                "SS3_3_20"
            ],
            "selected heuristic value": [
                0.0,
                -Infinity,
                -16
            ],
            "rules": [
                [
                    "DirectlyFollows('P0', 'P1') <-- InBulletPoint('P0',) \u2227 InBulletPoint('P1',) \u2227 OnTop('P0', 'P1') \u2227 XDimOverlapsStart('P1', 'P0') \u2227 XDimOverlapsStart('P0', 'P2') \u2227 \u00acYDimBefore('P0', 'P2') \u2227 XDimCovers('P2', 'P0')",
                    10.118001404240669
                ]
            ],