{
    "settings": {
        "beam size": 5,
        "min significance": 10,
        "nb pages": 32,
        "all pdf names": [
            "SS4_1_0",
            "SS4_1_1",
            "SS4_1_2",
            "SS4_1_3",
            "SS4_1_4",
            "SS4_1_5",
            "SS4_1_6",
            "SS4_1_7",
            "SS4_1_8",
            "SS4_1_9",
            "SS4_1_10",
            "SS4_1_11",
            "SS4_1_12",
            "SS4_1_13",
            "SS4_1_14",
            "SS4_1_15",
            "SS4_1_16",
            "SS4_1_17",
            "SS4_1_18",
            "SS4_1_19",
            "SS4_1_20",
            "SS4_1_21",
            "SS4_1_22",
            "SS4_1_23",
            "SS4_1_24",
            "SS4_1_25",
            "SS4_1_26",
            "SS4_1_27",
            "SS4_1_28",
            "SS4_1_29",
            "SS4_1_30",
            "SS4_1_31"
        ],
        "nb pages filtered": 14,
        "all filtered names": [
            "SS4_1_0",
            "SS4_1_1",
            "SS4_1_2",
            "SS4_1_3",
            "SS4_1_4",
            "SS4_1_5",
            "SS4_1_6",
            "SS4_1_8",
            "SS4_1_11",
            "SS4_1_12",
            "SS4_1_21",
            "SS4_1_22",
            "SS4_1_23",
            "SS4_1_24"
        ]
    },
    "data": {
        "1": {
            "TP": 0,
            "FP": 65,
            "FN": 65,
            "F1": 0.0,
            "time": 0.017109394073486328,
            "selected slide": "SS4_1_11",
            "selected slides:": [
                "SS4_1_11"
            ],
            "selected heuristic value": [
                0.0,
                -Infinity,
                -22
            ],
            "rules": [],
            "filtered rules": []
        },
        "2": {
            "TP": 0,
            "FP": 65,
            "FN": 65,
            "F1": 0.0,
            "time": 0.8061134815216064,
            "selected slide": "SS4_1_2",
            "selected slides:": [
                "SS4_1_11",
                "SS4_1_2"
            ],
            "selected heuristic value": [
                0.0,
                -Infinity,
                -20
            ],
            "rules": [],
            "filtered rules": []
        },
        "3": {
            "TP": 0,
            "FP": 65,
            "FN": 65,
            "F1": 0.0,
            "time": 2.4188549518585205,
            "selected slide": "SS4_1_6",
            "selected slides:": [
                "SS4_1_11",
                "SS4_1_2",
                "SS4_1_6"
            ],
            "selected heuristic value": [
                0.0,
                -Infinity,
                -15
            ],
            "rules": [],
            "filtered rules": []
        },
        "4": {
            "TP": 0,
            "FP": 65,
            "FN": 65,
            "F1": 0.0,
            "time": 4.811280012130737,
            "selected slide": "SS4_1_3",
            "selected slides:": [
                "SS4_1_11",
                "SS4_1_2",
                "SS4_1_6",
                "SS4_1_3"
            ],
            "selected heuristic value": [
                0.0,
                -Infinity,
                -14
            ],
            "rules": [],
            "filtered rules": []
        },
        "5": {
            "TP": 0,
            "FP": 65,
            "FN": 65,
            "F1": 0.0,
            "time": 7.46982216835022,
            "selected slide": "SS4_1_21",
            "selected slides:": [
                "SS4_1_11",
                "SS4_1_2",
                "SS4_1_6",
                "SS4_1_3",
                "SS4_1_21"
            ],
            "selected heuristic value": [
                0.0,
                -Infinity,
                -14
            ],
            "rules": [],
            "filtered rules": []
        },
        "6": {
            "TP": 0,
            "FP": 65,
            "FN": 65,
            "F1": 0.0,
            "time": 11.338461637496948,
            "selected slide": "SS4_1_1",
            "selected slides:": [
                "SS4_1_11",
                "SS4_1_2",
                "SS4_1_6",
                "SS4_1_3",
                "SS4_1_21",
                "SS4_1_1"
            ],
            "selected heuristic value": [
                0.0,
                -Infinity,
                -12
            ],
            "rules": [],
            "filtered rules": []
        },
        "7": {
            "TP": 0,
            "FP": 65,
            "FN": 65,
            "F1": 0.0,
            "time": 15.77721905708313,
            "selected slide": "SS4_1_8",
            "selected slides:": [
                "SS4_1_11",
                "SS4_1_2",
                "SS4_1_6",
                "SS4_1_3",
                "SS4_1_21",
                "SS4_1_1",
                "SS4_1_8"
            ],
            "selected heuristic value": [
                0.0,
                -Infinity,
                -12
            ],
            "rules": [],
            "filtered rules": []
        },
        "8": {
            "TP": 0,
            "FP": 65,
            "FN": 65,
            "F1": 0.0,
            "time": 19.81099009513855,
            "selected slide": "SS4_1_5",
            "selected slides:": [
                "SS4_1_11",
                "SS4_1_2",
                "SS4_1_6",
                "SS4_1_3",
                "SS4_1_21",
                "SS4_1_1",
                "SS4_1_8",
                "SS4_1_5"
            ],
            "selected heuristic value": [
                0.0,
                -Infinity,
                -11
            ],
            "rules": [],
            "filtered rules": []
        },
        "9": {
            "TP": 0,
            "FP": 65,
            "FN": 65,
            "F1": 0.0,
            "time": 24.074931383132935,
            "selected slide": "SS4_1_23",
            "selected slides:": [
                "SS4_1_11",
                "SS4_1_2",
                "SS4_1_6",
                "SS4_1_3",
                "SS4_1_21",
                "SS4_1_1",
                "SS4_1_8",
                "SS4_1_5",
                "SS4_1_23"
            ],
            "selected heuristic value": [
                0.0,
                -Infinity,
                -11
            ],
            "rules": [],
            "filtered rules": []
        },
        "10": {
            "TP": 0,
            "FP": 65,
            "FN": 65,
            "F1": 0.0,
            "time": 29.187278032302856,
            "selected slide": "SS4_1_24",
            "selected slides:": [
                "SS4_1_11",
                "SS4_1_2",
                "SS4_1_6",
                "SS4_1_3",
                "SS4_1_21",
                "SS4_1_1",
                "SS4_1_8",
                "SS4_1_5",
                "SS4_1_23",
                "SS4_1_24"
            ],
            "selected heuristic value": [
                0.0,
                -Infinity,
                -11
            ],
            "rules": [],
            "filtered rules": []
        },
        "11": {
            "TP": 0,
            "FP": 65,
            "FN": 65,
            "F1": 0.0,
            "time": 34.57654690742493,
            "selected slide": "SS4_1_4",
            "selected slides:": [
                "SS4_1_11",
                "SS4_1_2",
                "SS4_1_6",
                "SS4_1_3",
                "SS4_1_21",
                "SS4_1_1",
                "SS4_1_8",
                "SS4_1_5",
                "SS4_1_23",
                "SS4_1_24",
                "SS4_1_4"
            ],
            "selected heuristic value": [
                0.0,
                -Infinity,
                -8
            ],
            "rules": [],
            "filtered rules": []
        },
        "12": {
            "TP": 0,
            "FP": 65,
            "FN": 65,
            "F1": 0.0,
            "time": 44.52632188796997,
            "selected slide": "SS4_1_22",