{
    "settings": {
        "beam size": 5,
        "min significance": 10,
        "nb pages": 39,
        "all pdf names": [
            "SS4_3_0",
            "SS4_3_1",
            "SS4_3_2",
            "SS4_3_3",
            "SS4_3_4",
            "SS4_3_5",
            "SS4_3_6",
            "SS4_3_7",
            "SS4_3_8",
            "SS4_3_9",
            "SS4_3_10",
            "SS4_3_11",
            "SS4_3_12",
            "SS4_3_13",
            "SS4_3_14",
            "SS4_3_15",
            "SS4_3_16",
            "SS4_3_17",
            "SS4_3_18",
            "SS4_3_19",
            "SS4_3_20",
            "SS4_3_21",
            "SS4_3_22",
            "SS4_3_23",
            "SS4_3_24",
            "SS4_3_25",
            "SS4_3_26",
            "SS4_3_27",
            "SS4_3_28",
            "SS4_3_29",
            "SS4_3_30",
            "SS4_3_31",
            "SS4_3_32",
            "SS4_3_33",
            "SS4_3_34",
            "SS4_3_35",
            "SS4_3_36",
            "SS4_3_37",
            "SS4_3_38"
        ],
        "nb pages filtered": 22,
        "all filtered names": [
            "SS4_3_0",
            "SS4_3_1",
            "SS4_3_2",
            "SS4_3_3",
            "SS4_3_4",
            "SS4_3_5",
            "SS4_3_12",
            "SS4_3_13",
            "SS4_3_14",
            "SS4_3_15",
            "SS4_3_16",
            "SS4_3_17",
            "SS4_3_18",
            "SS4_3_19",
            "SS4_3_20",
            "SS4_3_21",
            "SS4_3_22",
            "SS4_3_23",
            "SS4_3_35",
            "SS4_3_36",
            "SS4_3_37",
            "SS4_3_38"
        ]
    },
    "data": {
        "1": {
            "TP": 0,
            "FP": 66,
            "FN": 66,
            "F1": 0.0,
            "time": 0.023000478744506836,
            "selected slide": "SS4_3_4",
            "selected slides:": [
                "SS4_3_4"
            ],
            "selected heuristic value": [
                0.0,
                -Infinity,
                -20
            ],
            "rules": [],
            "filtered rules": []
        },
        "2": {
            "TP": 0,
            "FP": 66,
            "FN": 66,
            "F1": 0.0,
            "time": 0.05361437797546387,
            "selected slide": "SS4_3_12",
            "selected slides:": [
                "SS4_3_4",
                "SS4_3_12"
            ],
            "selected heuristic value": [
                0.0,
                -Infinity,
                -20
            ],
            "rules": [],
            "filtered rules": []
        },
        "3": {
            "TP": 0,
            "FP": 66,
            "FN": 66,
            "F1": 0.0,
            "time": 0.09061837196350098,
            "selected slide": "SS4_3_14",
            "selected slides:": [
                "SS4_3_4",
                "SS4_3_12",
                "SS4_3_14"
            ],
            "selected heuristic value": [
                0.0,
                -Infinity,
                -20
            ],
            "rules": [],
            "filtered rules": []
        },
        "4": {
            "TP": 0,
            "FP": 66,
            "FN": 66,
            "F1": 0.0,
            "time": 0.1356334686279297,
            "selected slide": "SS4_3_17",
            "selected slides:": [
                "SS4_3_4",
                "SS4_3_12",
                "SS4_3_14",
                "SS4_3_17"
            ],
            "selected heuristic value": [
                0.0,
                -Infinity,
                -20
            ],
            "rules": [],
            "filtered rules": []
        },
        "5": {
            "TP": 0,
            "FP": 66,
            "FN": 66,
            "F1": 0.0,
            "time": 0.18830585479736328,
            "selected slide": "SS4_3_38",
            "selected slides:": [
                "SS4_3_4",
                "SS4_3_12",
                "SS4_3_14",
                "SS4_3_17",
                "SS4_3_38"
            ],
            "selected heuristic value": [
                0.0,
                -Infinity,
                -17
            ],
            "rules": [],
            "filtered rules": []
        },
        "6": {
            "TP": 0,
            "FP": 66,
            "FN": 66,
            "F1": 0.0,
            "time": 2.8832285404205322,
            "selected slide": "SS4_3_36",
            "selected slides:": [
                "SS4_3_4",
                "SS4_3_12",
                "SS4_3_14",
                "SS4_3_17",
                "SS4_3_38",
                "SS4_3_36"
            ],
            "selected heuristic value": [
                0.0,
                -Infinity,
                -16
            ],
            "rules": [],
            "filtered rules": []
        },
        "7": {
            "TP": 0,
            "FP": 66,
            "FN": 66,
            "F1": 0.0,
            "time": 5.956807613372803,
            "selected slide": "SS4_3_23",
            "selected slides:": [
                "SS4_3_4",
                "SS4_3_12",
                "SS4_3_14",
                "SS4_3_17",
                "SS4_3_38",
                "SS4_3_36",
                "SS4_3_23"
            ],
            "selected heuristic value": [
                0.0,
                -Infinity,
                -13
            ],
            "rules": [],
            "filtered rules": []
        },
        "8": {
            "TP": 0,
            "FP": 66,
            "FN": 66,
            "F1": 0.0,
            "time": 9.877620935440063,
            "selected slide": "SS4_3_16",
            "selected slides:": [
                "SS4_3_4",
                "SS4_3_12",
                "SS4_3_14",
                "SS4_3_17",
                "SS4_3_38",
                "SS4_3_36",
                "SS4_3_23",
                "SS4_3_16"
            ],
            "selected heuristic value": [
                0.0,
                -Infinity,
                -12
            ],
            "rules": [],
            "filtered rules": []
        },
        "9": {
            "TP": 0,
            "FP": 66,
            "FN": 66,
            "F1": 0.0,
            "time": 16.076429843902588,
            "selected slide": "SS4_3_21",
            "selected slides:": [
                "SS4_3_4",
                "SS4_3_12",
                "SS4_3_14",
                "SS4_3_17",
                "SS4_3_38",
                "SS4_3_36",
                "SS4_3_23",
                "SS4_3_16",
                "SS4_3_21"
            ],
            "selected heuristic value": [
                0.0,
                -Infinity,
                -12
            ],
            "rules": [],
            "filtered rules": []
        },
        "10": {
            "TP": 0,
            "FP": 66,
            "FN": 66,
            "F1": 0.0,
            "time": 22.82895255088806,
            "selected slide": "SS4_3_0",
            "selected slides:": [
                "SS4_3_4",
                "SS4_3_12",
                "SS4_3_14",
                "SS4_3_17",
                "SS4_3_38",
                "SS4_3_36",
                "SS4_3_23",
                "SS4_3_16",
                "SS4_3_21",
                "SS4_3_0"
            ],
            "selected heuristic value": [
                0.0,
                -Infinity,
                -11
            ],
            "rules": [],
            "filtered rules": []
        },
        "11": {
            "TP": 0,
            "FP": 66,
            "FN": 66,
            "F1": 0.0,
            "time": 30.013488292694092,
            "selected slide": "SS4_3_3",