{
    "settings": {
        "beam size": 5,
        "min significance": 10,
        "nb pages": 25,
        "all pdf names": [
            "BS10_0",
            "BS10_1",
            "BS10_2",
            "BS10_3",
            "BS10_4",
            "BS10_5",
            "BS10_6",
            "BS10_7",
            "BS10_8",
            "BS10_9",
            "BS10_10",
            "BS10_11",
            "BS10_12",
            "BS10_13",
            "BS10_14",
            "BS10_15",
            "BS10_16",
            "BS10_17",
            "BS10_18",
            "BS10_19",
            "BS10_20",
            "BS10_21",
            "BS10_22",
            "BS10_23",
            "BS10_24"
        ],
        "nb pages filtered": 15,
        "all filtered names": [
            "BS10_0",
            "BS10_1",
            "BS10_2",
            "BS10_3",
            "BS10_4",
            "BS10_6",
            "BS10_7",
            "BS10_9",
            "BS10_10",
            "BS10_11",
            "BS10_12",
            "BS10_15",
            "BS10_22",
            "BS10_23",
            "BS10_24"
        ]
    },
    "data": {
        "1": {
            "TP": 0,
            "FP": 18,
            "FN": 18,
            "F1": 0.0,
            "time": 0.013004302978515625,
            "selected slide": "BS10_0",
            "selected slides:": [
                "BS10_0"
            ],
            "selected heuristic value": [
                0.02571470329374448,
                0.5444558617400053,
                0.1995986398231312
            ],
            "rules": [],
            "filtered rules": []
        },
        "2": {
            "TP": 0,
            "FP": 18,
            "FN": 18,
            "F1": 0.0,
            "time": 0.0270078182220459,
            "selected slide": "BS10_22",
            "selected slides:": [
                "BS10_0",
                "BS10_22"
            ],
            "selected heuristic value": [
                0.037933017894193566,
                0.22815273938579483,
                0.6946043173485721
            ],
            "rules": [],
            "filtered rules": []
        },
        "3": {
            "TP": 0,
            "FP": 18,
            "FN": 18,
            "F1": 0.0,
            "time": 0.10223102569580078,
            "selected slide": "BS10_24",
            "selected slides:": [
                "BS10_0",
                "BS10_22",
                "BS10_24"
            ],
            "selected heuristic value": [
                0.07545116694336795,
                0.11277452014751999,
                0.5732223227146077
            ],
            "rules": [],
            "filtered rules": []
        },
        "4": {
            "TP": 0,
            "FP": 18,
            "FN": 18,
            "F1": 0.0,
            "time": 0.20703530311584473,
            "selected slide": "BS10_15",
            "selected slides:": [
                "BS10_0",
                "BS10_22",
                "BS10_24",
                "BS10_15"
            ],
            "selected heuristic value": [
                0.03371793295094816,
                0.46808901885227727,
                0.6561709292814738
            ],
            "rules": [],
            "filtered rules": []
        },
        "5": {
            "TP": 0,
            "FP": 18,
            "FN": 18,
            "F1": 0.0,
            "time": 0.31904172897338867,
            "selected slide": "BS10_6",
            "selected slides:": [
                "BS10_0",
                "BS10_22",
                "BS10_24",
                "BS10_15",
                "BS10_6"
            ],
            "selected heuristic value": [
                0.06822407532097685,
                0.2726525377041148,
                0.4109842674143239
            ],
            "rules": [],
            "filtered rules": []
        },
        "6": {
            "TP": 0,
            "FP": 18,
            "FN": 18,
            "F1": 0.0,
            "time": 0.4767646789550781,
            "selected slide": "BS10_12",
            "selected slides:": [
                "BS10_0",
                "BS10_22",
                "BS10_24",
                "BS10_15",
                "BS10_6",
                "BS10_12"
            ],
            "selected heuristic value": [
                0.12335815751310697,
                0.44895583751955614,
                0.6015515599771917
            ],
            "rules": [],
            "filtered rules": []
        },
        "7": {
            "TP": 6,
            "FP": 12,
            "FN": 12,
            "F1": 0.5,
            "time": 0.9113333225250244,
            "selected slide": "BS10_2",
            "selected slides:": [
                "BS10_0",
                "BS10_22",
                "BS10_24",
                "BS10_15",
                "BS10_6",
                "BS10_12",
                "BS10_2"
            ],
            "selected heuristic value": [
                0.006332829346411439,
                0.7959771280759348,
                0.7676720562745715
            ],
            "rules": [
                [
                    "DirectlyFollows('P0', 'P1') <-- ClosestYDimAfterAndInEnumeration('P1', 'P0') \u2227 XDimCovers('P0', 'P2')",
                    13.871994292307095
                ]
            ],
            "filtered rules": [
                [
                    "DirectlyFollows('P0', 'P1') <-- ClosestYDimAfterAndInEnumeration('P1', 'P0') \u2227 XDimCovers('P0', 'P2')",
                    13.871994292307095
                ]
            ]
        },
        "8": {
            "TP": 17,
            "FP": 1,
            "FN": 1,
            "F1": 0.9714285714285714,
            "time": 1.4297747611999512,
            "selected slide": "BS10_1",
            "selected slides:": [
                "BS10_0",
                "BS10_22",
                "BS10_24",
                "BS10_15",
                "BS10_6",
                "BS10_12",
                "BS10_2",
                "BS10_1"
            ],
            "selected heuristic value": [
                0.07390436399832856,
                0.7144189040542215,
                0.49685193365542635
            ],
            "rules": [
                [
                    "DirectlyFollows('P0', 'P1') <-- ClosestYDimAfterAndInEnumeration('P1', 'P0') \u2227 XDimCovers('P0', 'P2')",
                    13.59176003468815
                ],
                [
                    "DirectlyFollows('P0', 'P1') <-- ClosestYDimAfterAndInBulletPoint('P0', 'P2') \u2227 ClosestYDimAfterAndInBulletPoint('P1', 'P0')",
                    10.193820026016112
                ]
            ],
            "filtered rules": [
                [
                    "DirectlyFollows('P0', 'P1') <-- ClosestYDimAfterAndInEnumeration('P1', 'P0') \u2227 XDimCovers('P0', 'P2')",
                    13.59176003468815
                ],
                [
                    "DirectlyFollows('P0', 'P1') <-- ClosestYDimAfterAndInBulletPoint('P0', 'P2') \u2227 ClosestYDimAfterAndInBulletPoint('P1', 'P0')",
                    10.193820026016112
                ]
            ]
        },
        "9": {
            "TP": 6,
            "FP": 12,
            "FN": 12,
            "F1": 0.5,
            "time": 1.9350519180297852,
            "selected slide": "BS10_4",
            "selected slides:": [
                "BS10_0",
                "BS10_22",
                "BS10_24",
                "BS10_15",
                "BS10_6",
                "BS10_12",
                "BS10_2",
                "BS10_1",
                "BS10_4"
            ],
            "selected heuristic value": [
                0.17797835695946007,
                0.38624676725908647,
                0.3007809575361954
            ],