{
    "settings": {
        "beam size": 5,
        "min significance": 10,
        "nb pages": 13,
        "all pdf names": [
            "SS8_0",
            "SS8_1",
            "SS8_2",
            "SS8_3",
            "SS8_4",
            "SS8_5",
            "SS8_6",
            "SS8_7",
            "SS8_8",
            "SS8_9",
            "SS8_10",
            "SS8_11",
            "SS8_12"
        ],
        "nb pages filtered": 12,
        "all filtered names": [
            "SS8_0",
            "SS8_1",
            "SS8_2",
            "SS8_3",
            "SS8_4",
            "SS8_5",
            "SS8_6",
            "SS8_8",
            "SS8_9",
            "SS8_10",
            "SS8_11",
            "SS8_12"
        ]
    },
    "data": {
        "1": {
            "TP": 0,
            "FP": 42,
            "FN": 42,
            "F1": 0.0,
            "time": 0.01100611686706543,
            "selected slide": "SS8_5",
            "selected slides:": [
                "SS8_5"
            ],
            "selected heuristic value": [
                0.23558983157109747,
                0.6008418410122719,
                0.9645640050420743
            ],
            "rules": [],
            "filtered rules": []
        },
        "2": {
            "TP": 0,
            "FP": 42,
            "FN": 42,
            "F1": 0.0,
            "time": 0.030006885528564453,
            "selected slide": "SS8_0",
            "selected slides:": [
                "SS8_5",
                "SS8_0"
            ],
            "selected heuristic value": [
                0.09314522965809735,
                0.369882657498802,
                0.670275349221888
            ],
            "rules": [],
            "filtered rules": []
        },
        "3": {
            "TP": 0,
            "FP": 42,
            "FN": 42,
            "F1": 0.0,
            "time": 0.05022549629211426,
            "selected slide": "SS8_6",
            "selected slides:": [
                "SS8_5",
                "SS8_0",
                "SS8_6"
            ],
            "selected heuristic value": [
                0.13259043601453102,
                0.7645837743935675,
                0.33592718245072306
            ],
            "rules": [],
            "filtered rules": []
        },
        "4": {
            "TP": 0,
            "FP": 42,
            "FN": 42,
            "F1": 0.0,
            "time": 0.09222269058227539,
            "selected slide": "SS8_9",
            "selected slides:": [
                "SS8_5",
                "SS8_0",
                "SS8_6",
                "SS8_9"
            ],
            "selected heuristic value": [
                0.00675692376772874,
                0.3229568675895057,
                0.8468078694882747
            ],
            "rules": [],
            "filtered rules": []
        },
        "5": {
            "TP": 42,
            "FP": 0,
            "FN": 0,
            "F1": 1.0,
            "time": 1.6636011600494385,
            "selected slide": "SS8_11",
            "selected slides:": [
                "SS8_5",
                "SS8_0",
                "SS8_6",
                "SS8_9",
                "SS8_11"
            ],
            "selected heuristic value": [
                0.05266211011261224,
                0.22319056392655667,
                0.9023504017933441
            ],
            "rules": [
                [
                    "DirectlyFollows('P0', 'P1') <-- InBulletPoint('P0',) \u2227 ClosestYDimAfterAndInBulletPoint('P1', 'P0')",
                    37.48295494661106
                ]
            ],
            "filtered rules": [
                [
                    "DirectlyFollows('P0', 'P1') <-- InBulletPoint('P0',) \u2227 ClosestYDimAfterAndInBulletPoint('P1', 'P0')",
                    37.48295494661106
                ]
            ]
        },
        "6": {
            "TP": 42,
            "FP": 0,
            "FN": 0,
            "F1": 1.0,
            "time": 3.121640920639038,
            "selected slide": "SS8_8",
            "selected slides:": [
                "SS8_5",
                "SS8_0",
                "SS8_6",
                "SS8_9",
                "SS8_11",
                "SS8_8"
            ],
            "selected heuristic value": [
                0.06708919016498005,
                0.7147522358911015,
                0.29326402394655415
            ],
            "rules": [
                [
                    "DirectlyFollows('P0', 'P1') <-- InBulletPoint('P0',) \u2227 ClosestYDimAfterAndInBulletPoint('P1', 'P0')",
                    37.51164232072908
                ]
            ],
            "filtered rules": [
                [
                    "DirectlyFollows('P0', 'P1') <-- InBulletPoint('P0',) \u2227 ClosestYDimAfterAndInBulletPoint('P1', 'P0')",
                    37.51164232072908
                ]
            ]
        },
        "7": {
            "TP": 42,
            "FP": 0,
            "FN": 0,
            "F1": 1.0,
            "time": 5.358297109603882,
            "selected slide": "SS8_2",
            "selected slides:": [
                "SS8_5",
                "SS8_0",
                "SS8_6",
                "SS8_9",
                "SS8_11",
                "SS8_8",
                "SS8_2"
            ],
            "selected heuristic value": [
                0.4755028152918098,
                0.07279570584938533,
                0.7086776668658384
            ],
            "rules": [
                [
                    "DirectlyFollows('P0', 'P1') <-- InBulletPoint('P0',) \u2227 ClosestYDimAfterAndInBulletPoint('P1', 'P0')",
                    40.59972909736542
                ]
            ],
            "filtered rules": [
                [
                    "DirectlyFollows('P0', 'P1') <-- InBulletPoint('P0',) \u2227 ClosestYDimAfterAndInBulletPoint('P1', 'P0')",
                    40.59972909736542
                ]
            ]
        },
        "8": {
            "TP": 42,
            "FP": 0,
            "FN": 0,
            "F1": 1.0,
            "time": 8.207350254058838,
            "selected slide": "SS8_12",
            "selected slides:": [
                "SS8_5",
                "SS8_0",
                "SS8_6",
                "SS8_9",
                "SS8_11",
                "SS8_8",
                "SS8_2",
                "SS8_12"
            ],
            "selected heuristic value": [
                0.2254597065317756,
                0.4771605364056045,
                0.3084567359405219
            ],
            "rules": [
                [
                    "DirectlyFollows('P0', 'P1') <-- ClosestYDimAfterAndInBulletPoint('P1', 'P0') \u2227 InBulletPoint('P0',)",
                    54.9022333894485
                ]
            ],
            "filtered rules": [
                [
                    "DirectlyFollows('P0', 'P1') <-- ClosestYDimAfterAndInBulletPoint('P1', 'P0') \u2227 InBulletPoint('P0',)",
                    54.9022333894485
                ]
            ]
        },
        "9": {
            "TP": 42,
            "FP": 0,
            "FN": 0,
            "F1": 1.0,
            "time": 11.023705005645752,
            "selected slide": "SS8_1",
            "selected slides:": [
                "SS8_5",
                "SS8_0",
                "SS8_6",
                "SS8_9",
                "SS8_11",
                "SS8_8",
                "SS8_2",
                "SS8_12",
                "SS8_1"
            ],
            "selected heuristic value": [
                0.07341870497386205,
                0.05584588626570297,
                0.6151003880276473
            ],
            "rules": [
                [
                    "DirectlyFollows('P0', 'P1') <-- ClosestYDimAfterAndInBulletPoint('P1', 'P0') \u2227 InBulletPoint('P0',)",
                    54.92907037541354
                ]
            ],