{
    "settings": {
        "beam size": 5,
        "min significance": 10,
        "nb pages": 13,
        "all pdf names": [
            "US11_0",
            "US11_1",
            "US11_2",
            "US11_3",
            "US11_4",
            "US11_5",
            "US11_6",
            "US11_7",
            "US11_8",
            "US11_9",
            "US11_10",
            "US11_11",
            "US11_12"
        ],
        "nb pages filtered": 10,
        "all filtered names": [
            "US11_1",
            "US11_2",
            "US11_3",
            "US11_4",
            "US11_6",
            "US11_8",
            "US11_9",
            "US11_10",
            "US11_11",
            "US11_12"
        ]
    },
    "data": {
        "1": {
            "TP": 0,
            "FP": 33,
            "FN": 33,
            "F1": 0.0,
            "time": 0.01399993896484375,
            "selected slide": "US11_1",
            "selected slides:": [
                "US11_1"
            ],
            "selected heuristic value": [
                0.018157226526791415,
                0.9901744139487009,
                0.23247732560629553
            ],
            "rules": [],
            "filtered rules": []
        },
        "2": {
            "TP": 30,
            "FP": 3,
            "FN": 3,
            "F1": 0.9523809523809523,
            "time": 0.42404842376708984,
            "selected slide": "US11_2",
            "selected slides:": [
                "US11_1",
                "US11_2"
            ],
            "selected heuristic value": [
                0.017213656034210656,
                0.1505028170487348,
                0.48912660260574115
            ],
            "rules": [
                [
                    "DirectlyFollows('P0', 'P1') <-- ClosestYDimAfterAndInBulletPoint('P0', 'P2') \u2227 ClosestYDimAfterAndInBulletPoint('P1', 'P0')",
                    13.938658258857187
                ]
            ],
            "filtered rules": [
                [
                    "DirectlyFollows('P0', 'P1') <-- ClosestYDimAfterAndInBulletPoint('P0', 'P2') \u2227 ClosestYDimAfterAndInBulletPoint('P1', 'P0')",
                    13.938658258857187
                ]
            ]
        },
        "3": {
            "TP": 30,
            "FP": 3,
            "FN": 3,
            "F1": 0.9523809523809523,
            "time": 0.8738253116607666,
            "selected slide": "US11_4",
            "selected slides:": [
                "US11_1",
                "US11_2",
                "US11_4"
            ],
            "selected heuristic value": [
                0.18825500585826638,
                0.14029224240970428,
                0.6548629884670428
            ],
            "rules": [
                [
                    "DirectlyFollows('P0', 'P1') <-- ClosestYDimAfterAndInBulletPoint('P0', 'P2') \u2227 ClosestYDimAfterAndInBulletPoint('P1', 'P0')",
                    13.95434386498141
                ]
            ],
            "filtered rules": [
                [
                    "DirectlyFollows('P0', 'P1') <-- ClosestYDimAfterAndInBulletPoint('P0', 'P2') \u2227 ClosestYDimAfterAndInBulletPoint('P1', 'P0')",
                    13.95434386498141
                ]
            ]
        },
        "4": {
            "TP": 33,
            "FP": 0,
            "FN": 0,
            "F1": 1.0,
            "time": 1.891422986984253,
            "selected slide": "US11_6",
            "selected slides:": [
                "US11_1",
                "US11_2",
                "US11_4",
                "US11_6"
            ],
            "selected heuristic value": [
                0.08068838908954967,
                0.9484372345150344,
                0.8758685469130135
            ],
            "rules": [
                [
                    "DirectlyFollows('P0', 'P1') <-- ClosestYDimAfterAndInBulletPoint('P1', 'P0') \u2227 InBulletPoint('P0',)",
                    38.93728173619927
                ]
            ],
            "filtered rules": [
                [
                    "DirectlyFollows('P0', 'P1') <-- ClosestYDimAfterAndInBulletPoint('P1', 'P0') \u2227 InBulletPoint('P0',)",
                    38.93728173619927
                ]
            ]
        },
        "5": {
            "TP": 33,
            "FP": 0,
            "FN": 0,
            "F1": 1.0,
            "time": 4.314825057983398,
            "selected slide": "US11_9",
            "selected slides:": [
                "US11_1",
                "US11_2",
                "US11_4",
                "US11_6",
                "US11_9"
            ],
            "selected heuristic value": [
                0.009365041726332124,
                0.029671172263302514,
                0.15369454087359813
            ],
            "rules": [
                [
                    "DirectlyFollows('P0', 'P1') <-- ClosestYDimAfterAndInBulletPoint('P1', 'P0') \u2227 InBulletPoint('P0',)",
                    53.34453751150931
                ]
            ],
            "filtered rules": [
                [
                    "DirectlyFollows('P0', 'P1') <-- ClosestYDimAfterAndInBulletPoint('P1', 'P0') \u2227 InBulletPoint('P0',)",
                    53.34453751150931
                ]
            ]
        },
        "6": {
            "TP": 33,
            "FP": 0,
            "FN": 0,
            "F1": 1.0,
            "time": 7.590550899505615,
            "selected slide": "US11_10",
            "selected slides:": [
                "US11_1",
                "US11_2",
                "US11_4",
                "US11_6",
                "US11_9",
                "US11_10"
            ],
            "selected heuristic value": [
                0.29569608871077047,
                0.6315020125660412,
                0.46918063242951646
            ],
            "rules": [
                [
                    "DirectlyFollows('P0', 'P1') <-- ClosestYDimAfterAndInBulletPoint('P1', 'P0') \u2227 InBulletPoint('P0',)",
                    66.39869289621399
                ]
            ],
            "filtered rules": [
                [
                    "DirectlyFollows('P0', 'P1') <-- ClosestYDimAfterAndInBulletPoint('P1', 'P0') \u2227 InBulletPoint('P0',)",
                    66.39869289621399
                ]
            ]
        },
        "7": {
            "TP": 33,
            "FP": 0,
            "FN": 0,
            "F1": 1.0,
            "time": 11.422853708267212,
            "selected slide": "US11_8",
            "selected slides:": [
                "US11_1",
                "US11_2",
                "US11_4",
                "US11_6",
                "US11_9",
                "US11_10",
                "US11_8"
            ],
            "selected heuristic value": [
                0.2437557297391436,
                0.07416002179868697,
                0.3187715997898014
            ],
            "rules": [
                [
                    "DirectlyFollows('P0', 'P1') <-- ClosestYDimAfterAndInBulletPoint('P1', 'P0') \u2227 InBulletPoint('P0',)",
                    77.61778166776361
                ]
            ],
            "filtered rules": [
                [
                    "DirectlyFollows('P0', 'P1') <-- ClosestYDimAfterAndInBulletPoint('P1', 'P0') \u2227 InBulletPoint('P0',)",
                    77.61778166776361
                ]
            ]
        },
        "8": {
            "TP": 33,
            "FP": 0,
            "FN": 0,
            "F1": 1.0,
            "time": 15.572198867797852,
            "selected slide": "US11_12",
            "selected slides:": [
                "US11_1",
                "US11_2",
                "US11_4",
                "US11_6",
                "US11_9",
                "US11_10",
                "US11_8",
                "US11_12"
            ],