{
    "settings": {
        "beam size": 5,
        "min significance": 10,
        "nb pages": 16,
        "all pdf names": [
            "US5_0",
            "US5_1",
            "US5_2",
            "US5_3",
            "US5_4",
            "US5_5",
            "US5_6",
            "US5_7",
            "US5_8",
            "US5_9",
            "US5_10",
            "US5_11",
            "US5_12",
            "US5_13",
            "US5_14",
            "US5_15"
        ],
        "nb pages filtered": 13,
        "all filtered names": [
            "US5_0",
            "US5_1",
            "US5_2",
            "US5_3",
            "US5_4",
            "US5_5",
            "US5_6",
            "US5_7",
            "US5_8",
            "US5_9",
            "US5_11",
            "US5_13",
            "US5_15"
        ]
    },
    "data": {
        "1": {
            "TP": 0,
            "FP": 88,
            "FN": 88,
            "F1": 0.0,
            "time": 0.02200007438659668,
            "selected slide": "US5_5",
            "selected slides:": [
                "US5_5"
            ],
            "selected heuristic value": [
                0.0833722430952798,
                0.5400368935035063,
                0.4539952109062322
            ],
            "rules": [],
            "filtered rules": []
        },
        "2": {
            "TP": 87,
            "FP": 1,
            "FN": 1,
            "F1": 0.9942857142857143,
            "time": 0.3930015563964844,
            "selected slide": "US5_6",
            "selected slides:": [
                "US5_5",
                "US5_6"
            ],
            "selected heuristic value": [
                0.042506320785603346,
                0.5953100752439182,
                0.38095306409667196
            ],
            "rules": [
                [
                    "DirectlyFollows('P0', 'P1') <-- ClosestYDimAfterAndInBulletPoint('P1', 'P0') \u2227 InBulletPoint('P0',)",
                    26.8724793942521
                ]
            ],
            "filtered rules": [
                [
                    "DirectlyFollows('P0', 'P1') <-- ClosestYDimAfterAndInBulletPoint('P1', 'P0') \u2227 InBulletPoint('P0',)",
                    26.8724793942521
                ]
            ]
        },
        "3": {
            "TP": 84,
            "FP": 4,
            "FN": 4,
            "F1": 0.9767441860465116,
            "time": 2.448385715484619,
            "selected slide": "US5_4",
            "selected slides:": [
                "US5_5",
                "US5_6",
                "US5_4"
            ],
            "selected heuristic value": [
                0.16746010706958825,
                0.529461736234882,
                0.6519314041200969
            ],
            "rules": [
                [
                    "DirectlyFollows('P0', 'P1') <-- ClosestYDimAfterAndInBulletPoint('P1', 'P0') \u2227 ClosestYDimAfterAndInBulletPoint('P0', 'P2')",
                    66.01230092527746
                ]
            ],
            "filtered rules": [
                [
                    "DirectlyFollows('P0', 'P1') <-- ClosestYDimAfterAndInBulletPoint('P1', 'P0') \u2227 ClosestYDimAfterAndInBulletPoint('P0', 'P2')",
                    66.01230092527746
                ]
            ]
        },
        "4": {
            "TP": 84,
            "FP": 4,
            "FN": 4,
            "F1": 0.9767441860465116,
            "time": 4.900514364242554,
            "selected slide": "US5_8",
            "selected slides:": [
                "US5_5",
                "US5_6",
                "US5_4",
                "US5_8"
            ],
            "selected heuristic value": [
                0.015245128373588268,
                0.9157243817045556,
                0.30717063822242263
            ],
            "rules": [
                [
                    "DirectlyFollows('P0', 'P1') <-- ClosestYDimAfterAndInBulletPoint('P1', 'P0') \u2227 ClosestYDimAfterAndInBulletPoint('P0', 'P2')",
                    88.50835210938115
                ]
            ],
            "filtered rules": [
                [
                    "DirectlyFollows('P0', 'P1') <-- ClosestYDimAfterAndInBulletPoint('P1', 'P0') \u2227 ClosestYDimAfterAndInBulletPoint('P0', 'P2')",
                    88.50835210938115
                ]
            ]
        },
        "5": {
            "TP": 84,
            "FP": 4,
            "FN": 4,
            "F1": 0.9767441860465116,
            "time": 7.822210788726807,
            "selected slide": "US5_11",
            "selected slides:": [
                "US5_5",
                "US5_6",
                "US5_4",
                "US5_8",
                "US5_11"
            ],
            "selected heuristic value": [
                0.059055955274893934,
                0.9933214703924453,
                0.9129172709090195
            ],
            "rules": [
                [
                    "DirectlyFollows('P0', 'P1') <-- ClosestYDimAfterAndInBulletPoint('P1', 'P0') \u2227 ClosestYDimAfterAndInBulletPoint('P0', 'P2')",
                    109.66930225694202
                ]
            ],
            "filtered rules": [
                [
                    "DirectlyFollows('P0', 'P1') <-- ClosestYDimAfterAndInBulletPoint('P1', 'P0') \u2227 ClosestYDimAfterAndInBulletPoint('P0', 'P2')",
                    109.66930225694202
                ]
            ]
        },
        "6": {
            "TP": 84,
            "FP": 4,
            "FN": 4,
            "F1": 0.9767441860465116,
            "time": 10.81857442855835,
            "selected slide": "US5_7",
            "selected slides:": [
                "US5_5",
                "US5_6",
                "US5_4",
                "US5_8",
                "US5_11",
                "US5_7"
            ],
            "selected heuristic value": [
                0.2964902030543767,
                0.3683883024079806,
                0.405693747398275
            ],
            "rules": [
                [
                    "DirectlyFollows('P0', 'P1') <-- ClosestYDimAfterAndInBulletPoint('P1', 'P0') \u2227 ClosestYDimAfterAndInBulletPoint('P0', 'P2')",
                    110.19423653223488
                ]
            ],
            "filtered rules": [
                [
                    "DirectlyFollows('P0', 'P1') <-- ClosestYDimAfterAndInBulletPoint('P1', 'P0') \u2227 ClosestYDimAfterAndInBulletPoint('P0', 'P2')",
                    110.19423653223488
                ]
            ]
        },
        "7": {
            "TP": 87,
            "FP": 1,
            "FN": 1,
            "F1": 0.9942857142857143,
            "time": 14.679198741912842,
            "selected slide": "US5_2",
            "selected slides:": [
                "US5_5",
                "US5_6",
                "US5_4",
                "US5_8",
                "US5_11",
                "US5_7",
                "US5_2"
            ],
            "selected heuristic value": [
                0.1499013463721105,
                0.7905243983566618,
                0.9725344506697768
            ],
            "rules": [
                [
                    "DirectlyFollows('P0', 'P1') <-- ClosestYDimAfterAndInBulletPoint('P1', 'P0') \u2227 InBulletPoint('P0',)",
                    135.00476900235137
                ]
            ],
            "filtered rules": [
                [
                    "DirectlyFollows('P0', 'P1') <-- ClosestYDimAfterAndInBulletPoint('P1', 'P0') \u2227 InBulletPoint('P0',)",
                    135.00476900235137
                ]
            ]
        },
        "8": {
            "TP": 87,
            "FP": 1,
            "FN": 1,
            "F1": 0.9942857142857143,
            "time": 20.010732650756836,
            "selected slide": "US5_15",