{
    "settings": {
        "beam size": 5,
        "min significance": 20,
        "nb pages": 32,
        "all pdf names": [
            "SS4_1_0",
            "SS4_1_1",
            "SS4_1_2",
            "SS4_1_3",
            "SS4_1_4",
            "SS4_1_5",
            "SS4_1_6",
            "SS4_1_7",
            "SS4_1_8",
            "SS4_1_9",
            "SS4_1_10",
            "SS4_1_11",
            "SS4_1_12",
            "SS4_1_13",
            "SS4_1_14",
            "SS4_1_15",
            "SS4_1_16",
            "SS4_1_17",
            "SS4_1_18",
            "SS4_1_19",
            "SS4_1_20",
            "SS4_1_21",
            "SS4_1_22",
            "SS4_1_23",
            "SS4_1_24",
            "SS4_1_25",
            "SS4_1_26",
            "SS4_1_27",
            "SS4_1_28",
            "SS4_1_29",
            "SS4_1_30",
            "SS4_1_31"
        ],
        "nb pages filtered": 14,
        "all filtered names": [
            "SS4_1_0",
            "SS4_1_1",
            "SS4_1_2",
            "SS4_1_3",
            "SS4_1_4",
            "SS4_1_5",
            "SS4_1_6",
            "SS4_1_8",
            "SS4_1_11",
            "SS4_1_12",
            "SS4_1_21",
            "SS4_1_22",
            "SS4_1_23",
            "SS4_1_24"
        ]
    },
    "data": {
        "1": {
            "TP": 0,
            "FP": 65,
            "FN": 65,
            "F1": 0.0,
            "time": 0.017999887466430664,
            "selected slide": "SS4_1_11",
            "selected slides:": [
                "SS4_1_11"
            ],
            "selected heuristic value": [
                0.0,
                -Infinity,
                -22
            ],
            "rules": [],
            "filtered rules": []
        },
        "2": {
            "TP": 0,
            "FP": 65,
            "FN": 65,
            "F1": 0.0,
            "time": 0.7972431182861328,
            "selected slide": "SS4_1_2",
            "selected slides:": [
                "SS4_1_11",
                "SS4_1_2"
            ],
            "selected heuristic value": [
                0.0,
                -Infinity,
                -20
            ],
            "rules": [],
            "filtered rules": []
        },
        "3": {
            "TP": 0,
            "FP": 65,
            "FN": 65,
            "F1": 0.0,
            "time": 2.5899055004119873,
            "selected slide": "SS4_1_6",
            "selected slides:": [
                "SS4_1_11",
                "SS4_1_2",
                "SS4_1_6"
            ],
            "selected heuristic value": [
                0.0,
                -Infinity,
                -15
            ],
            "rules": [],
            "filtered rules": []
        },
        "4": {
            "TP": 61,
            "FP": 4,
            "FN": 4,
            "F1": 0.9682539682539683,
            "time": 4.923395395278931,
            "selected slide": "SS4_1_3",
            "selected slides:": [
                "SS4_1_11",
                "SS4_1_2",
                "SS4_1_6",
                "SS4_1_3"
            ],
            "selected heuristic value": [
                0.0,
                -Infinity,
                -14
            ],
            "rules": [
                [
                    "DirectlyFollows('P0', 'P1') <-- ClosestYDimAfterAndInBulletPoint('P0', 'P2') \u2227 ClosestYDimAfterAndInBulletPoint('P1', 'P0')",
                    53.01201033794118
                ]
            ],
            "filtered rules": [
                [
                    "DirectlyFollows('P0', 'P1') <-- ClosestYDimAfterAndInBulletPoint('P0', 'P2') \u2227 ClosestYDimAfterAndInBulletPoint('P1', 'P0')",
                    53.01201033794118
                ]
            ]
        },
        "5": {
            "TP": 61,
            "FP": 4,
            "FN": 4,
            "F1": 0.9682539682539683,
            "time": 7.5988850593566895,
            "selected slide": "SS4_1_0",
            "selected slides:": [
                "SS4_1_11",
                "SS4_1_2",
                "SS4_1_6",
                "SS4_1_3",
                "SS4_1_0"
            ],
            "selected heuristic value": [
                0.0,
                -Infinity,
                -6
            ],
            "rules": [
                [
                    "DirectlyFollows('P0', 'P1') <-- ClosestYDimAfterAndInBulletPoint('P0', 'P2') \u2227 ClosestYDimAfterAndInBulletPoint('P1', 'P0')",
                    55.014349784469104
                ]
            ],
            "filtered rules": [
                [
                    "DirectlyFollows('P0', 'P1') <-- ClosestYDimAfterAndInBulletPoint('P0', 'P2') \u2227 ClosestYDimAfterAndInBulletPoint('P1', 'P0')",
                    55.014349784469104
                ]
            ]
        },
        "6": {
            "TP": 61,
            "FP": 4,
            "FN": 4,
            "F1": 0.9682539682539683,
            "time": 10.464232921600342,
            "selected slide": "SS4_1_21",
            "selected slides:": [
                "SS4_1_11",
                "SS4_1_2",
                "SS4_1_6",
                "SS4_1_3",
                "SS4_1_0",
                "SS4_1_21"
            ],
            "selected heuristic value": [
                0.00048828125,
                1.0,
                -14
            ],
            "rules": [
                [
                    "DirectlyFollows('P0', 'P1') <-- ClosestYDimAfterAndInBulletPoint('P0', 'P2') \u2227 ClosestYDimAfterAndInBulletPoint('P1', 'P0')",
                    55.34880084121353
                ]
            ],
            "filtered rules": [
                [
                    "DirectlyFollows('P0', 'P1') <-- ClosestYDimAfterAndInBulletPoint('P0', 'P2') \u2227 ClosestYDimAfterAndInBulletPoint('P1', 'P0')",
                    55.34880084121353
                ]
            ]
        },
        "7": {
            "TP": 65,
            "FP": 0,
            "FN": 0,
            "F1": 1.0,
            "time": 12.876432180404663,
            "selected slide": "SS4_1_1",
            "selected slides:": [
                "SS4_1_11",
                "SS4_1_2",
                "SS4_1_6",
                "SS4_1_3",
                "SS4_1_0",
                "SS4_1_21",
                "SS4_1_1"
            ],
            "selected heuristic value": [
                0.001953125,
                1.0,
                -12
            ],
            "rules": [
                [
                    "DirectlyFollows('P0', 'P1') <-- ClosestYDimAfterAndInBulletPoint('P1', 'P0') \u2227 InBulletPoint('P0',)",
                    80.87155788870918
                ]
            ],
            "filtered rules": [
                [
                    "DirectlyFollows('P0', 'P1') <-- ClosestYDimAfterAndInBulletPoint('P1', 'P0') \u2227 InBulletPoint('P0',)",
                    80.87155788870918
                ]
            ]
        },
        "8": {
            "TP": 65,
            "FP": 0,
            "FN": 0,
            "F1": 1.0,
            "time": 15.664558172225952,
            "selected slide": "SS4_1_8",
            "selected slides:": [
                "SS4_1_11",
                "SS4_1_2",
                "SS4_1_6",
                "SS4_1_3",
                "SS4_1_0",
                "SS4_1_21",
                "SS4_1_1",
                "SS4_1_8"
            ],
            "selected heuristic value": [
                0.002197265625,
                1.0,
                -12
            ],
            "rules": [
                [
                    "DirectlyFollows('P0', 'P1') <-- ClosestYDimAfterAndInBulletPoint('P1', 'P0') \u2227 InBulletPoint('P0',)",
                    104.43754911258787
                ]
            ],